{
  "Disabled": false,
  "Testing": false,
  "InstalledFromUrl": null,
  "IsThirdParty": false,
  "Author": "developer",
  "Name": "XIVComboWayTooAkified",
  "Punchline": null,
  "Description": "",
  "Changelog": null,
  "Tags": null,
  "CategoryTags": null,
  "IsHide": false,
  "InternalName": "XIVComboWayTooAkiiified",
  "AssemblyVersion": "1.0.0.1",
  "TestingAssemblyVersion": null,
  "IsTestingExclusive": false,
  "RepoUrl": null,
  "ApplicableVersion": "any",
  "DalamudApiLevel": 4,
  "DownloadCount": 0,
  "LastUpdate": 0,
  "DownloadLinkInstall": null,
  "DownloadLinkUpdate": null,
  "DownloadLinkTesting": null,
  "LoadPriority": 0,
  "ImageUrls": "https://cdn.discordapp.com/attachments/594230324209123330/905362481671720970/akified.png",
  "IconUrl": "https://cdn.discordapp.com/attachments/594230324209123330/905362481671720970/akified.png"
}